pixel0,int64
pixel1,int64
pixel2,int64
pixel3,int64
pixel4,int64
pixel5,int64
pixel6,int64
pixel7,int64
pixel8,int64
pixel9,int64
pixel10,int64
pixel11,int64
pixel12,int64
pixel13,int64
pixel14,int64
pixel15,int64
pixel16,int64
pixel17,int64
pixel18,int64
pixel19,int64
pixel20,int64
pixel21,int64
pixel22,int64
pixel23,int64
pixel24,int64
pixel25,int64
pixel26,int64
pixel27,int64
pixel28,int64
pixel29,int64
pixel30,int64
pixel31,int64
pixel32,int64
pixel33,int64
pixel34,int64
pixel35,int64
pixel36,int64
pixel37,int64
pixel38,int64
pixel39,int64
pixel40,int64
pixel41,int64
pixel42,int64
pixel43,int64
pixel44,int64
pixel45,int64
pixel46,int64
pixel47,int64
pixel48,int64
pixel49,int64
pixel50,int64
pixel51,int64
pixel52,int64
pixel53,int64
pixel54,int64
pixel55,int64
pixel56,int64
pixel57,int64
pixel58,int64
pixel59,int64
pixel60,int64
pixel61,int64
pixel62,int64
pixel63,int64
pixel64,int64
pixel65,int64
pixel66,int64
pixel67,int64
pixel68,int64
pixel69,int64
pixel70,int64
pixel71,int64
pixel72,int64
pixel73,int64
pixel74,int64
pixel75,int64
pixel76,int64
pixel77,int64
pixel78,int64
pixel79,int64
pixel80,int64
pixel81,int64
pixel82,int64
pixel83,int64
pixel84,int64
pixel85,int64
pixel86,int64
pixel87,int64
pixel88,int64
pixel89,int64
pixel90,int64
pixel91,int64
pixel92,int64
pixel93,int64
pixel94,int64
pixel95,int64
pixel96,int64
pixel97,int64
pixel98,int64
pixel99,int64
pixel100,int64
pixel101,int64
pixel102,int64
pixel103,int64
pixel104,int64
pixel105,int64
pixel106,int64
pixel107,int64
pixel108,int64
pixel109,int64
pixel110,int64
pixel111,int64
pixel112,int64
pixel113,int64
pixel114,int64
pixel115,int64
pixel116,int64
pixel117,int64
pixel118,int64
pixel119,int64
pixel120,int64
pixel121,int64
pixel122,int64
pixel123,int64
pixel124,int64
pixel125,int64
pixel126,int64
pixel127,int64
pixel128,int64
pixel129,int64
pixel130,int64
pixel131,int64
pixel132,int64
pixel133,int64
pixel134,int64
pixel135,int64
pixel136,int64
pixel137,int64
pixel138,int64
pixel139,int64
pixel140,int64
pixel141,int64
pixel142,int64
pixel143,int64
pixel144,int64
pixel145,int64
pixel146,int64
pixel147,int64
pixel148,int64
pixel149,int64
pixel150,int64
pixel151,int64
pixel152,int64
pixel153,int64
pixel154,int64
pixel155,int64
pixel156,int64
pixel157,int64
pixel158,int64
pixel159,int64
pixel160,int64
pixel161,int64
pixel162,int64
pixel163,int64
pixel164,int64
pixel165,int64
pixel166,int64
pixel167,int64
pixel168,int64
pixel169,int64
pixel170,int64
pixel171,int64
pixel172,int64
pixel173,int64
pixel174,int64
pixel175,int64
pixel176,int64
pixel177,int64
pixel178,int64
pixel179,int64
pixel180,int64
pixel181,int64
pixel182,int64
pixel183,int64
pixel184,int64
pixel185,int64
pixel186,int64
pixel187,int64
pixel188,int64
pixel189,int64
pixel190,int64
pixel191,int64
pixel192,int64
pixel193,int64
pixel194,int64
pixel195,int64
pixel196,int64
pixel197,int64
pixel198,int64
pixel199,int64
pixel200,int64
pixel201,int64
pixel202,int64
pixel203,int64
pixel204,int64
pixel205,int64
pixel206,int64
pixel207,int64
pixel208,int64
pixel209,int64
pixel210,int64
pixel211,int64
pixel212,int64
pixel213,int64
pixel214,int64
pixel215,int64
pixel216,int64
pixel217,int64
pixel218,int64
pixel219,int64
pixel220,int64
pixel221,int64
pixel222,int64
pixel223,int64
pixel224,int64
pixel225,int64
pixel226,int64
pixel227,int64
pixel228,int64
pixel229,int64
pixel230,int64
pixel231,int64
pixel232,int64
pixel233,int64
pixel234,int64
pixel235,int64
pixel236,int64
pixel237,int64
pixel238,int64
pixel239,int64
pixel240,int64
pixel241,int64
pixel242,int64
pixel243,int64
pixel244,int64
pixel245,int64
pixel246,int64
pixel247,int64
pixel248,int64
pixel249,int64
pixel250,int64
pixel251,int64
pixel252,int64
pixel253,int64
pixel254,int64
pixel255,int64
pixel256,int64
pixel257,int64
pixel258,int64
pixel259,int64
pixel260,int64
pixel261,int64
pixel262,int64
pixel263,int64
pixel264,int64
pixel265,int64
pixel266,int64
pixel267,int64
pixel268,int64
pixel269,int64
pixel270,int64
pixel271,int64
pixel272,int64
pixel273,int64
pixel274,int64
pixel275,int64
pixel276,int64
pixel277,int64
pixel278,int64
pixel279,int64
pixel280,int64
pixel281,int64
pixel282,int64
pixel283,int64
pixel284,int64
pixel285,int64
pixel286,int64
pixel287,int64
pixel288,int64
pixel289,int64
pixel290,int64
pixel291,int64
pixel292,int64
pixel293,int64
pixel294,int64
pixel295,int64
pixel296,int64
pixel297,int64
pixel298,int64
pixel299,int64
pixel300,int64
pixel301,int64
pixel302,int64
pixel303,int64
pixel304,int64
pixel305,int64
pixel306,int64
pixel307,int64
pixel308,int64
pixel309,int64
pixel310,int64
pixel311,int64
pixel312,int64
pixel313,int64
pixel314,int64
pixel315,int64
pixel316,int64
pixel317,int64
pixel318,int64
pixel319,int64
pixel320,int64
pixel321,int64
pixel322,int64
pixel323,int64
pixel324,int64
pixel325,int64
pixel326,int64
pixel327,int64
pixel328,int64
pixel329,int64
pixel330,int64
pixel331,int64
pixel332,int64
pixel333,int64
pixel334,int64
pixel335,int64
pixel336,int64
pixel337,int64
pixel338,int64
pixel339,int64
pixel340,int64
pixel341,int64
pixel342,int64
pixel343,int64
pixel344,int64
pixel345,int64
pixel346,int64
pixel347,int64
pixel348,int64
pixel349,int64
pixel350,int64
pixel351,int64
pixel352,int64
pixel353,int64
pixel354,int64
pixel355,int64
pixel356,int64
pixel357,int64
pixel358,int64
pixel359,int64
pixel360,int64
pixel361,int64
pixel362,int64
pixel363,int64
pixel364,int64
pixel365,int64
pixel366,int64
pixel367,int64
pixel368,int64
pixel369,int64
pixel370,int64
pixel371,int64
pixel372,int64
pixel373,int64
pixel374,int64
pixel375,int64
pixel376,int64
pixel377,int64
pixel378,int64
pixel379,int64
pixel380,int64
pixel381,int64
pixel382,int64
pixel383,int64
pixel384,int64
pixel385,int64
pixel386,int64
pixel387,int64
pixel388,int64
pixel389,int64
pixel390,int64
pixel391,int64
pixel392,int64
pixel393,int64
pixel394,int64
pixel395,int64
pixel396,int64
pixel397,int64
pixel398,int64
pixel399,int64
pixel400,int64
pixel401,int64
pixel402,int64
pixel403,int64
pixel404,int64
pixel405,int64
pixel406,int64
pixel407,int64
pixel408,int64
pixel409,int64
pixel410,int64
pixel411,int64
pixel412,int64
pixel413,int64
pixel414,int64
pixel415,int64
pixel416,int64
pixel417,int64
pixel418,int64
pixel419,int64
pixel420,int64
pixel421,int64
pixel422,int64
pixel423,int64
pixel424,int64
pixel425,int64
pixel426,int64
pixel427,int64
pixel428,int64
pixel429,int64
pixel430,int64
pixel431,int64
pixel432,int64
pixel433,int64
pixel434,int64
pixel435,int64
pixel436,int64
pixel437,int64
pixel438,int64
pixel439,int64
pixel440,int64
pixel441,int64
pixel442,int64
pixel443,int64
pixel444,int64
pixel445,int64
pixel446,int64
pixel447,int64
pixel448,int64
pixel449,int64
pixel450,int64
pixel451,int64
pixel452,int64
pixel453,int64
pixel454,int64
pixel455,int64
pixel456,int64
pixel457,int64
pixel458,int64
pixel459,int64
pixel460,int64
pixel461,int64
pixel462,int64
pixel463,int64
pixel464,int64
pixel465,int64
pixel466,int64
pixel467,int64
pixel468,int64
pixel469,int64
pixel470,int64
pixel471,int64
pixel472,int64
pixel473,int64
pixel474,int64
pixel475,int64
pixel476,int64
pixel477,int64
pixel478,int64
pixel479,int64
pixel480,int64
pixel481,int64
pixel482,int64
pixel483,int64
pixel484,int64
pixel485,int64
pixel486,int64
pixel487,int64
pixel488,int64
pixel489,int64
pixel490,int64
pixel491,int64
pixel492,int64
pixel493,int64
pixel494,int64
pixel495,int64
pixel496,int64
pixel497,int64
pixel498,int64
pixel499,int64
pixel500,int64
pixel501,int64
pixel502,int64
pixel503,int64
pixel504,int64
pixel505,int64
pixel506,int64
pixel507,int64
pixel508,int64
pixel509,int64
pixel510,int64
pixel511,int64
pixel512,int64
pixel513,int64
pixel514,int64
pixel515,int64
pixel516,int64
pixel517,int64
pixel518,int64
pixel519,int64
pixel520,int64
pixel521,int64
pixel522,int64
pixel523,int64
pixel524,int64
pixel525,int64
pixel526,int64
pixel527,int64
pixel528,int64
pixel529,int64
pixel530,int64
pixel531,int64
pixel532,int64
pixel533,int64
pixel534,int64
pixel535,int64
pixel536,int64
pixel537,int64
pixel538,int64
pixel539,int64
pixel540,int64
pixel541,int64
pixel542,int64
pixel543,int64
pixel544,int64
pixel545,int64
pixel546,int64
pixel547,int64
pixel548,int64
pixel549,int64
pixel550,int64
pixel551,int64
pixel552,int64
pixel553,int64
pixel554,int64
pixel555,int64
pixel556,int64
pixel557,int64
pixel558,int64
pixel559,int64
pixel560,int64
pixel561,int64
pixel562,int64
pixel563,int64
pixel564,int64
pixel565,int64
pixel566,int64
pixel567,int64
pixel568,int64
pixel569,int64
pixel570,int64
pixel571,int64
pixel572,int64
pixel573,int64
pixel574,int64
pixel575,int64
pixel576,int64
pixel577,int64
pixel578,int64
pixel579,int64
pixel580,int64
pixel581,int64
pixel582,int64
pixel583,int64
pixel584,int64
pixel585,int64
pixel586,int64
pixel587,int64
pixel588,int64
pixel589,int64
pixel590,int64
pixel591,int64
pixel592,int64
pixel593,int64
pixel594,int64
pixel595,int64
pixel596,int64
pixel597,int64
pixel598,int64
pixel599,int64
pixel600,int64
pixel601,int64
pixel602,int64
pixel603,int64
pixel604,int64
pixel605,int64
pixel606,int64
pixel607,int64
pixel608,int64
pixel609,int64
pixel610,int64
pixel611,int64
pixel612,int64
pixel613,int64
pixel614,int64
pixel615,int64
pixel616,int64
pixel617,int64
pixel618,int64
pixel619,int64
pixel620,int64
pixel621,int64
pixel622,int64
pixel623,int64
pixel624,int64
pixel625,int64
pixel626,int64
pixel627,int64
pixel628,int64
pixel629,int64
pixel630,int64
pixel631,int64
pixel632,int64
pixel633,int64
pixel634,int64
pixel635,int64
pixel636,int64
pixel637,int64
pixel638,int64
pixel639,int64
pixel640,int64
pixel641,int64
pixel642,int64
pixel643,int64
pixel644,int64
pixel645,int64
pixel646,int64
pixel647,int64
pixel648,int64
pixel649,int64
pixel650,int64
pixel651,int64
pixel652,int64
pixel653,int64
pixel654,int64
pixel655,int64
pixel656,int64
pixel657,int64
pixel658,int64
pixel659,int64
pixel660,int64
pixel661,int64
pixel662,int64
pixel663,int64
pixel664,int64
pixel665,int64
pixel666,int64
pixel667,int64
pixel668,int64
pixel669,int64
pixel670,int64
pixel671,int64
pixel672,int64
pixel673,int64
pixel674,int64
pixel675,int64
pixel676,int64
pixel677,int64
pixel678,int64
pixel679,int64
pixel680,int64
pixel681,int64
pixel682,int64
pixel683,int64
pixel684,int64
pixel685,int64
pixel686,int64
pixel687,int64
pixel688,int64
pixel689,int64
pixel690,int64
pixel691,int64
pixel692,int64
pixel693,int64
pixel694,int64
pixel695,int64
pixel696,int64
pixel697,int64
pixel698,int64
pixel699,int64
pixel700,int64
pixel701,int64
pixel702,int64
pixel703,int64
pixel704,int64
pixel705,int64
pixel706,int64
pixel707,int64
pixel708,int64
pixel709,int64
pixel710,int64
pixel711,int64
pixel712,int64
pixel713,int64
pixel714,int64
pixel715,int64
pixel716,int64
pixel717,int64
pixel718,int64
pixel719,int64
pixel720,int64
pixel721,int64
pixel722,int64
pixel723,int64
pixel724,int64
pixel725,int64
pixel726,int64
pixel727,int64
pixel728,int64
pixel729,int64
pixel730,int64
pixel731,int64
pixel732,int64
pixel733,int64
pixel734,int64
pixel735,int64
pixel736,int64
pixel737,int64
pixel738,int64
pixel739,int64
pixel740,int64
pixel741,int64
pixel742,int64
pixel743,int64
pixel744,int64
pixel745,int64
pixel746,int64
pixel747,int64
pixel748,int64
pixel749,int64
pixel750,int64
pixel751,int64
pixel752,int64
pixel753,int64
pixel754,int64
pixel755,int64
pixel756,int64
pixel757,int64
pixel758,int64
pixel759,int64
pixel760,int64
pixel761,int64
pixel762,int64
pixel763,int64
pixel764,int64
pixel765,int64
pixel766,int64
pixel767,int64
pixel768,int64
pixel769,int64
pixel770,int64
pixel771,int64
pixel772,int64
pixel773,int64
pixel774,int64
pixel775,int64
pixel776,int64
pixel777,int64
pixel778,int64
pixel779,int64
pixel780,int64
pixel781,int64
pixel782,int64
pixel783,int64
